{"br":58.375705718994141,"ct":1.4363290071487427,"ub":1,"version":"1.1.1","vr":1}